source_character_id,sourceCharacterName,relationship,target_character_id,targetCharacterName
6191091c06029e3acded09e2,Aegon Targaryen,parents,6191091c06029e3acded0a20,Elia Martell
6191091c06029e3acded09e2,Aegon Targaryen,killedBy,6191091c06029e3acded0a38,Gregor Clegane
6191091c06029e3acded09e2,Aegon Targaryen,siblings,6191091c06029e3acded0a5c,Jon Snow
6191091c06029e3acded09e2,Aegon Targaryen,parents,6191091c06029e3acded0af8,Rhaegar Targaryen
6191091c06029e3acded09e2,Aegon Targaryen,siblings,6191091c06029e3acded0afb,Rhaenys Targaryen
6191091c06029e3acded09e3,Aeron Greyjoy,siblings,6191091c06029e3acded09f2,Balon Greyjoy
6191091c06029e3acded09e3,Aeron Greyjoy,siblings,6191091c06029e3acded0a22,Euron Greyjoy
6191091c06029e3acded09e4,Aerys II Targaryen,servedBy,6191091c06029e3acded09ef,Arthur Dayne
6191091c06029e3acded09e4,Aerys II Targaryen,killed,6191091c06029e3acded09fd,Brandon Stark
6191091c06029e3acded09e4,Aerys II Targaryen,parentOf,6191091c06029e3acded0a0d,Daenerys Targaryen
6191091c06029e3acded09e4,Aerys II Targaryen,killedBy,6191091c06029e3acded0a52,Jaime Lannister
6191091c06029e3acded09e4,Aerys II Targaryen,servedBy,6191091c06029e3acded0a52,Jaime Lannister
6191091c06029e3acded09e4,Aerys II Targaryen,parentOf,6191091c06029e3acded0af8,Rhaegar Targaryen
6191091c06029e3acded09e4,Aerys II Targaryen,marriedEngaged,6191091c06029e3acded0afa,Rhaella Targaryen
6191091c06029e3acded09e4,Aerys II Targaryen,siblings,6191091c06029e3acded0afa,Rhaella Targaryen
6191091c06029e3acded09e4,Aerys II Targaryen,killed,6191091c06029e3acded0afd,Rickard Stark
6191091c06029e3acded09e4,Aerys II Targaryen,parentOf,6191091c06029e3acded0b44,Viserys Targaryen
6191091c06029e3acded09e5,Akho,killedBy,6191091c06029e3acded0a0c,Daario Naharis
6191091c06029e3acded09e6,Alliser Thorne,killed,6191091c06029e3acded0a5c,Jon Snow
6191091c06029e3acded09e6,Alliser Thorne,killedBy,6191091c06029e3acded0a5c,Jon Snow
6191091c06029e3acded09e7,Alton Lannister,killedBy,6191091c06029e3acded0a52,Jaime Lannister
6191091c06029e3acded09e8,Alys Karstark,parents,6191091c06029e3acded0a40,Harald Karstark
6191091c06029e3acded09e9,Amory Lorch,killedBy,6191091c06029e3acded0a54,Jaqen H'ghar
6191091c06029e3acded09e9,Amory Lorch,killed,6191091c06029e3acded0b5d,Yoren
6191091c06029e3acded09ec,Areo Hotah,serves,6191091c06029e3acded0a15,Doran Martell
6191091c06029e3acded09ec,Areo Hotah,killedBy,6191091c06029e3acded0b3d,Tyene Sand
6191091c06029e3acded09ef,Arthur Dayne,serves,6191091c06029e3acded09e4,Aerys II Targaryen
6191091c06029e3acded09ef,Arthur Dayne,killedBy,6191091c06029e3acded0a1c,Eddard Stark
6191091c06029e3acded09ef,Arthur Dayne,killedBy,6191091c06029e3acded0a4a,Howland Reed
6191091c06029e3acded09f0,Arya Stark,killed,6191091c06029e3acded09fa,Black Walder Rivers
6191091c06029e3acded09f0,Arya Stark,siblings,6191091c06029e3acded09fe,Bran Stark
6191091c06029e3acded09f0,Arya Stark,parents,6191091c06029e3acded0a05,Catelyn Stark
6191091c06029e3acded09f0,Arya Stark,parents,6191091c06029e3acded0a1c,Eddard Stark
6191091c06029e3acded09f0,Arya Stark,killed,6191091c06029e3acded0a94,Lothar Frey
6191091c06029e3acded09f0,Arya Stark,killed,6191091c06029e3acded0ab4,Meryn Trant
6191091c06029e3acded09f0,Arya Stark,guardedBy,6191091c06029e3acded0ad3,Nymeria
6191091c06029e3acded09f0,Arya Stark,killed,6191091c06029e3acded0ae2,Petyr Baelish
6191091c06029e3acded09f0,Arya Stark,killed,6191091c06029e3acded0ae4,Polliver
6191091c06029e3acded09f0,Arya Stark,killed,6191091c06029e3acded0af3,Red Keep Stableboy
6191091c06029e3acded09f0,Arya Stark,siblings,6191091c06029e3acded0afe,Rickon Stark
6191091c06029e3acded09f0,Arya Stark,siblings,6191091c06029e3acded0aff,Robb Stark
6191091c06029e3acded09f0,Arya Stark,killed,6191091c06029e3acded0b05,Rorge
6191091c06029e3acded09f0,Arya Stark,siblings,6191091c06029e3acded0b0d,Sansa Stark
6191091c06029e3acded09f0,Arya Stark,killed,6191091c06029e3acded0b2d,The Night King
6191091c06029e3acded09f0,Arya Stark,killed,6191091c06029e3acded0b2f,The Waif
6191091c06029e3acded09f0,Arya Stark,killed,6191091c06029e3acded0b43,Viserion
6191091c06029e3acded09f0,Arya Stark,killed,6191091c06029e3acded0b46,Walder Frey
6191091c06029e3acded09f0,Arya Stark,killed,6191091c06029e3acded0b4b,White Walker
6191091c06029e3acded09f0,Arya Stark,killed,6191091c06029e3acded0b4c,White Walker
6191091c06029e3acded09f0,Arya Stark,killed,6191091c06029e3acded0b4d,White Walker
6191091c06029e3acded09f1,Baby Sam,parents,6191091c06029e3acded0a2a,Gilly
6191091c06029e3acded09f1,Baby Sam,parents,6191091c06029e3acded0b0b,Samwell Tarly
6191091c06029e3acded09f2,Balon Greyjoy,siblings,6191091c06029e3acded09e3,Aeron Greyjoy
6191091c06029e3acded09f2,Balon Greyjoy,killedBy,6191091c06029e3acded0a22,Euron Greyjoy
6191091c06029e3acded09f2,Balon Greyjoy,siblings,6191091c06029e3acded0a22,Euron Greyjoy
6191091c06029e3acded09f2,Balon Greyjoy,parentOf,6191091c06029e3acded0b31,Theon Greyjoy
6191091c06029e3acded09f2,Balon Greyjoy,parentOf,6191091c06029e3acded0b59,Yara Greyjoy
6191091c06029e3acded09f4,Barristan Selmy,serves,6191091c06029e3acded0a0d,Daenerys Targaryen
6191091c06029e3acded09f5,Benjen Stark,siblings,6191091c06029e3acded09fd,Brandon Stark
6191091c06029e3acded09f5,Benjen Stark,siblings,6191091c06029e3acded0a1c,Eddard Stark
6191091c06029e3acded09f5,Benjen Stark,siblings,6191091c06029e3acded0a98,Lyanna Stark
6191091c06029e3acded09f5,Benjen Stark,parents,6191091c06029e3acded0afd,Rickard Stark
6191091c06029e3acded09f6,Beric Dondarrion,killedBy,6191091c06029e3acded0b0c,Sandor Clegane
6191091c06029e3acded09f8,Biter,killedBy,6191091c06029e3acded0b0c,Sandor Clegane
6191091c06029e3acded09fa,Black Walder Rivers,killedBy,6191091c06029e3acded09f0,Arya Stark
6191091c06029e3acded09fa,Black Walder Rivers,killed,6191091c06029e3acded0a05,Catelyn Stark
6191091c06029e3acded09fa,Black Walder Rivers,parents,6191091c06029e3acded0b46,Walder Frey
6191091c06029e3acded09fc,Bowen Marsh,killed,6191091c06029e3acded0a5c,Jon Snow
6191091c06029e3acded09fc,Bowen Marsh,killedBy,6191091c06029e3acded0a5c,Jon Snow
6191091c06029e3acded09fd,Brandon Stark,killedBy,6191091c06029e3acded09e4,Aerys II Targaryen
6191091c06029e3acded09fd,Brandon Stark,siblings,6191091c06029e3acded09f5,Benjen Stark
6191091c06029e3acded09fd,Brandon Stark,siblings,6191091c06029e3acded0a1c,Eddard Stark
6191091c06029e3acded09fd,Brandon Stark,siblings,6191091c06029e3acded0a98,Lyanna Stark
6191091c06029e3acded09fd,Brandon Stark,parents,6191091c06029e3acded0afd,Rickard Stark
6191091c06029e3acded09fe,Bran Stark,siblings,6191091c06029e3acded09f0,Arya Stark
6191091c06029e3acded09fe,Bran Stark,parents,6191091c06029e3acded0a05,Catelyn Stark
6191091c06029e3acded09fe,Bran Stark,parents,6191091c06029e3acded0a1c,Eddard Stark
6191091c06029e3acded09fe,Bran Stark,siblings,6191091c06029e3acded0afe,Rickon Stark
6191091c06029e3acded09fe,Bran Stark,siblings,6191091c06029e3acded0aff,Robb Stark
6191091c06029e3acded09fe,Bran Stark,siblings,6191091c06029e3acded0b0d,Sansa Stark
6191091c06029e3acded09fe,Bran Stark,guardedBy,6191091c06029e3acded0b27,Summer
6191091c06029e3acded0a00,Brienne of Tarth,serves,6191091c06029e3acded09fe,Bran Stark
6191091c06029e3acded0a00,Brienne of Tarth,serves,6191091c06029e3acded0a05,Catelyn Stark
6191091c06029e3acded0a00,Brienne of Tarth,servedBy,6191091c06029e3acded0ae3,Podrick Payne
6191091c06029e3acded0a00,Brienne of Tarth,serves,6191091c06029e3acded0af6,Renly Baratheon
6191091c06029e3acded0a00,Brienne of Tarth,serves,6191091c06029e3acded0b0d,Sansa Stark
6191091c06029e3acded0a00,Brienne of Tarth,killed,6191091c06029e3acded0b1d,Stannis Baratheon
6191091c06029e3acded0a01,Bronn,killed,6191091c06029e3acded0a7f,Lead Dornish Guard
6191091c06029e3acded0a01,Bronn,marriedEngaged,6191091c06029e3acded0a8d,Lollys Stokeworth
6191091c06029e3acded0a01,Bronn,killed,6191091c06029e3acded0aad,Matthos Seaworth
6191091c06029e3acded0a01,Bronn,killed,6191091c06029e3acded0b41,Vardis Egen
6191091c06029e3acded0a02,Brother Ray,killedBy,6191091c06029e3acded0a81,Lem Lemoncloak
6191091c06029e3acded0a03,Brynden Tully,siblings,6191091c06029e3acded0a48,Hoster Tully
6191091c06029e3acded0a05,Catelyn Stark,parentOf,6191091c06029e3acded09f0,Arya Stark
6191091c06029e3acded0a05,Catelyn Stark,killedBy,6191091c06029e3acded09fa,Black Walder Rivers
6191091c06029e3acded0a05,Catelyn Stark,marriedEngaged,6191091c06029e3acded09fd,Brandon Stark
6191091c06029e3acded0a05,Catelyn Stark,parentOf,6191091c06029e3acded09fe,Bran Stark
6191091c06029e3acded0a05,Catelyn Stark,marriedEngaged,6191091c06029e3acded0a1c,Eddard Stark
6191091c06029e3acded0a05,Catelyn Stark,siblings,6191091c06029e3acded0a1e,Edmure Tully
6191091c06029e3acded0a05,Catelyn Stark,parents,6191091c06029e3acded0a48,Hoster Tully
6191091c06029e3acded0a05,Catelyn Stark,killed,6191091c06029e3acded0a60,Joyeuse Erenford
6191091c06029e3acded0a05,Catelyn Stark,siblings,6191091c06029e3acded0a99,Lysa Arryn
6191091c06029e3acded0a05,Catelyn Stark,parentOf,6191091c06029e3acded0afe,Rickon Stark
6191091c06029e3acded0a05,Catelyn Stark,parentOf,6191091c06029e3acded0aff,Robb Stark
6191091c06029e3acded0a05,Catelyn Stark,parentOf,6191091c06029e3acded0b0d,Sansa Stark
6191091c06029e3acded0a06,Catspaw Assassin,killedBy,6191091c06029e3acded0b27,Summer
6191091c06029e3acded0a07,Cersei Lannister,killed,6191091c06029e3acded0a45,High Sparrow
6191091c06029e3acded0a07,Cersei Lannister,siblings,6191091c06029e3acded0a52,Jaime Lannister
6191091c06029e3acded0a07,Cersei Lannister,parentOf,6191091c06029e3acded0a59,Joffrey Baratheon
6191091c06029e3acded0a07,Cersei Lannister,killed,6191091c06029e3acded0a65,Kevan Lannister
6191091c06029e3acded0a07,Cersei Lannister,killed,6191091c06029e3acded0a79,Lancel Lannister
6191091c06029e3acded0a07,Cersei Lannister,killed,6191091c06029e3acded0a8f,Loras Tyrell
6191091c06029e3acded0a07,Cersei Lannister,killed,6191091c06029e3acded0a9a,Mace Tyrell
6191091c06029e3acded0a07,Cersei Lannister,killed,6191091c06029e3acded0aa8,Margaery Tyrell
6191091c06029e3acded0a07,Cersei Lannister,parentOf,6191091c06029e3acded0ac6,Myrcella Baratheon
6191091c06029e3acded0a07,Cersei Lannister,marriedEngaged,6191091c06029e3acded0b00,Robert Baratheon
6191091c06029e3acded0a07,Cersei Lannister,parentOf,6191091c06029e3acded0b39,Tommen Baratheon
6191091c06029e3acded0a07,Cersei Lannister,killed,6191091c06029e3acded0b3d,Tyene Sand
6191091c06029e3acded0a07,Cersei Lannister,siblings,6191091c06029e3acded0b3e,Tyrion Lannister
6191091c06029e3acded0a07,Cersei Lannister,parents,6191091c06029e3acded0b3f,Tywin Lannister
6191091c06029e3acded0a0b,Craster,killedBy,6191091c06029e3acded0a61,Karl Tanner
6191091c06029e3acded0a0c,Daario Naharis,killed,6191091c06029e3acded09e5,Akho
6191091c06029e3acded0a0c,Daario Naharis,serves,6191091c06029e3acded0a0d,Daenerys Targaryen
6191091c06029e3acded0a0c,Daario Naharis,killed,6191091c06029e3acded0ab3,Mero
6191091c06029e3acded0a0c,Daario Naharis,killed,6191091c06029e3acded0abb,Mossador
6191091c06029e3acded0a0c,Daario Naharis,killed,6191091c06029e3acded0ae5,Prendahl na Ghezn
6191091c06029e3acded0a0d,Daenerys Targaryen,parents,6191091c06029e3acded09e4,Aerys II Targaryen
6191091c06029e3acded0a0d,Daenerys Targaryen,servedBy,6191091c06029e3acded09f4,Barristan Selmy
6191091c06029e3acded0a0d,Daenerys Targaryen,servedBy,6191091c06029e3acded0a0c,Daario Naharis
6191091c06029e3acded0a0d,Daenerys Targaryen,killed,6191091c06029e3acded0a11,Dickon Tarly
6191091c06029e3acded0a0d,Daenerys Targaryen,killed,6191091c06029e3acded0a16,Doreah
6191091c06029e3acded0a0d,Daenerys Targaryen,killed,6191091c06029e3acded0a17,Dothraki Bloodrider #1
6191091c06029e3acded0a0d,Daenerys Targaryen,killed,6191091c06029e3acded0a18,Dothraki Bloodrider #2
6191091c06029e3acded0a0d,Daenerys Targaryen,guardedBy,6191091c06029e3acded0a1a,Drogon
6191091c06029e3acded0a0d,Daenerys Targaryen,servedBy,6191091c06029e3acded0a3c,Grey Worm
6191091c06029e3acded0a0d,Daenerys Targaryen,killedBy,6191091c06029e3acded0a5c,Jon Snow
6191091c06029e3acded0a0d,Daenerys Targaryen,servedBy,6191091c06029e3acded0a5e,Jorah Mormont
6191091c06029e3acded0a0d,Daenerys Targaryen,killed,6191091c06029e3acded0a66,Khal Drogo
6191091c06029e3acded0a0d,Daenerys Targaryen,marriedEngaged,6191091c06029e3acded0a66,Khal Drogo
6191091c06029e3acded0a0d,Daenerys Targaryen,killed,6191091c06029e3acded0a67,Khal Moro
6191091c06029e3acded0a0d,Daenerys Targaryen,killed,6191091c06029e3acded0a68,Khal Rhalko
6191091c06029e3acded0a0d,Daenerys Targaryen,killed,6191091c06029e3acded0a92,Lord Varys
6191091c06029e3acded0a0d,Daenerys Targaryen,killed,6191091c06029e3acded0ab8,Mirri Maz Duur
6191091c06029e3acded0a0d,Daenerys Targaryen,servedBy,6191091c06029e3acded0ab9,Missandei
6191091c06029e3acded0a0d,Daenerys Targaryen,killed,6191091c06029e3acded0aef,Randyll Tarly
6191091c06029e3acded0a0d,Daenerys Targaryen,guardedBy,6191091c06029e3acded0af7,Rhaegal
6191091c06029e3acded0a0d,Daenerys Targaryen,siblings,6191091c06029e3acded0af8,Rhaegar Targaryen
6191091c06029e3acded0a0d,Daenerys Targaryen,parentOf,6191091c06029e3acded0af9,Rhaego
6191091c06029e3acded0a0d,Daenerys Targaryen,parents,6191091c06029e3acded0afa,Rhaella Targaryen
6191091c06029e3acded0a0d,Daenerys Targaryen,servedBy,6191091c06029e3acded0b3e,Tyrion Lannister
6191091c06029e3acded0a0d,Daenerys Targaryen,guardedBy,6191091c06029e3acded0b43,Viserion
6191091c06029e3acded0a0d,Daenerys Targaryen,siblings,6191091c06029e3acded0b44,Viserys Targaryen
6191091c06029e3acded0a0d,Daenerys Targaryen,killed,6191091c06029e3acded0b58,Xaro Xhoan Daxos
6191091c06029e3acded0a10,Davos Seaworth,serves,6191091c06029e3acded0a5c,Jon Snow
6191091c06029e3acded0a10,Davos Seaworth,parentOf,6191091c06029e3acded0aad,Matthos Seaworth
6191091c06029e3acded0a10,Davos Seaworth,serves,6191091c06029e3acded0b1d,Stannis Baratheon
6191091c06029e3acded0a11,Dickon Tarly,killedBy,6191091c06029e3acded0a0d,Daenerys Targaryen
6191091c06029e3acded0a11,Dickon Tarly,parents,6191091c06029e3acded0ab0,Melessa Tarly
6191091c06029e3acded0a11,Dickon Tarly,parents,6191091c06029e3acded0aef,Randyll Tarly
6191091c06029e3acded0a11,Dickon Tarly,siblings,6191091c06029e3acded0b0b,Samwell Tarly
6191091c06029e3acded0a11,Dickon Tarly,siblings,6191091c06029e3acded0b2a,Talla Tarly
6191091c06029e3acded0a12,Dongo the Giant,killedBy,6191091c06029e3acded0acc,Night's Watchman
6191091c06029e3acded0a12,Dongo the Giant,killedBy,6191091c06029e3acded0acd,Night's Watchman
6191091c06029e3acded0a12,Dongo the Giant,killedBy,6191091c06029e3acded0ace,Night's Watchman
6191091c06029e3acded0a14,Dontos Hollard,killedBy,6191091c06029e3acded0ae2,Petyr Baelish
6191091c06029e3acded0a15,Doran Martell,killedBy,6191091c06029e3acded0a1f,Ellaria Sand
6191091c06029e3acded0a15,Doran Martell,siblings,6191091c06029e3acded0a20,Elia Martell
6191091c06029e3acded0a15,Doran Martell,siblings,6191091c06029e3acded0ad6,Oberyn Martell
6191091c06029e3acded0a15,Doran Martell,parentOf,6191091c06029e3acded0b3b,Trystane Martell
6191091c06029e3acded0a16,Doreah,killedBy,6191091c06029e3acded0a0d,Daenerys Targaryen
6191091c06029e3acded0a16,Doreah,killed,6191091c06029e3acded0a4e,Irri
6191091c06029e3acded0a17,Dothraki Bloodrider #1,killedBy,6191091c06029e3acded0a0d,Daenerys Targaryen
6191091c06029e3acded0a18,Dothraki Bloodrider #2,killedBy,6191091c06029e3acded0a0d,Daenerys Targaryen
6191091c06029e3acded0a19,Drennan,killedBy,6191091c06029e3acded0ade,Osha
6191091c06029e3acded0a1a,Drogon,guardianOf,6191091c06029e3acded0a0d,Daenerys Targaryen
6191091c06029e3acded0a1a,Drogon,killed,6191091c06029e3acded0a75,Kraznys mo Nakloz
6191091c06029e3acded0a1a,Drogon,killed,6191091c06029e3acded0ae6,Pyat Pree
6191091c06029e3acded0a1a,Drogon,siblings,6191091c06029e3acded0af7,Rhaegal
6191091c06029e3acded0a1a,Drogon,siblings,6191091c06029e3acded0b43,Viserion
6191091c06029e3acded0a1c,Eddard Stark,killed,6191091c06029e3acded09ef,Arthur Dayne
6191091c06029e3acded0a1c,Eddard Stark,parentOf,6191091c06029e3acded09f0,Arya Stark
6191091c06029e3acded0a1c,Eddard Stark,siblings,6191091c06029e3acded09f5,Benjen Stark
6191091c06029e3acded0a1c,Eddard Stark,siblings,6191091c06029e3acded09fd,Brandon Stark
6191091c06029e3acded0a1c,Eddard Stark,parentOf,6191091c06029e3acded09fe,Bran Stark
6191091c06029e3acded0a1c,Eddard Stark,marriedEngaged,6191091c06029e3acded0a05,Catelyn Stark
6191091c06029e3acded0a1c,Eddard Stark,killed,6191091c06029e3acded0a28,Gerold Hightower
6191091c06029e3acded0a1c,Eddard Stark,allies,6191091c06029e3acded0a4a,Howland Reed
6191091c06029e3acded0a1c,Eddard Stark,killedBy,6191091c06029e3acded0a4d,Ilyn Payne
6191091c06029e3acded0a1c,Eddard Stark,guardedBy,6191091c06029e3acded0a5b,Jon Arryn
6191091c06029e3acded0a1c,Eddard Stark,guardianOf,6191091c06029e3acded0a5c,Jon Snow
6191091c06029e3acded0a1c,Eddard Stark,killed,6191091c06029e3acded0a77,Lady
6191091c06029e3acded0a1c,Eddard Stark,siblings,6191091c06029e3acded0a98,Lyanna Stark
6191091c06029e3acded0a1c,Eddard Stark,parents,6191091c06029e3acded0afd,Rickard Stark
6191091c06029e3acded0a1c,Eddard Stark,parentOf,6191091c06029e3acded0afe,Rickon Stark
6191091c06029e3acded0a1c,Eddard Stark,parentOf,6191091c06029e3acded0aff,Robb Stark
6191091c06029e3acded0a1c,Eddard Stark,allies,6191091c06029e3acded0b00,Robert Baratheon
6191091c06029e3acded0a1c,Eddard Stark,parentOf,6191091c06029e3acded0b0d,Sansa Stark
6191091c06029e3acded0a1c,Eddard Stark,killed,6191091c06029e3acded0b51,Will
6191091c06029e3acded0a1e,Edmure Tully,siblings,6191091c06029e3acded0a05,Catelyn Stark
6191091c06029e3acded0a1e,Edmure Tully,siblings,6191091c06029e3acded0a99,Lysa Arryn
6191091c06029e3acded0a1e,Edmure Tully,marriedEngaged,6191091c06029e3acded0b07,Roslin Frey
6191091c06029e3acded0a1f,Ellaria Sand,killed,6191091c06029e3acded0a15,Doran Martell
6191091c06029e3acded0a1f,Ellaria Sand,killed,6191091c06029e3acded0ac6,Myrcella Baratheon
6191091c06029e3acded0a1f,Ellaria Sand,marriedEngaged,6191091c06029e3acded0ad6,Oberyn Martell
6191091c06029e3acded0a1f,Ellaria Sand,parentOf,6191091c06029e3acded0b3d,Tyene Sand
6191091c06029e3acded0a20,Elia Martell,parentOf,6191091c06029e3acded09e2,Aegon Targaryen
6191091c06029e3acded0a20,Elia Martell,siblings,6191091c06029e3acded0a15,Doran Martell
6191091c06029e3acded0a20,Elia Martell,killedBy,6191091c06029e3acded0a38,Gregor Clegane
6191091c06029e3acded0a20,Elia Martell,siblings,6191091c06029e3acded0ad6,Oberyn Martell
6191091c06029e3acded0a20,Elia Martell,marriedEngaged,6191091c06029e3acded0af8,Rhaegar Targaryen
6191091c06029e3acded0a20,Elia Martell,parentOf,6191091c06029e3acded0afb,Rhaenys Targaryen
6191091c06029e3acded0a22,Euron Greyjoy,siblings,6191091c06029e3acded09e3,Aeron Greyjoy
6191091c06029e3acded0a22,Euron Greyjoy,killed,6191091c06029e3acded09f2,Balon Greyjoy
6191091c06029e3acded0a22,Euron Greyjoy,siblings,6191091c06029e3acded09f2,Balon Greyjoy
6191091c06029e3acded0a22,Euron Greyjoy,killedBy,6191091c06029e3acded0a52,Jaime Lannister
6191091c06029e3acded0a22,Euron Greyjoy,killed,6191091c06029e3acded0ad4,Nymeria Sand
6191091c06029e3acded0a22,Euron Greyjoy,killed,6191091c06029e3acded0ad5,Obara Sand
6191091c06029e3acded0a22,Euron Greyjoy,killed,6191091c06029e3acded0af7,Rhaegal
6191091c06029e3acded0a25,Gared,killedBy,6191091c06029e3acded0b4b,White Walker
6191091c06029e3acded0a25,Gared,killedBy,6191091c06029e3acded0b4c,White Walker
6191091c06029e3acded0a25,Gared,killedBy,6191091c06029e3acded0b4d,White Walker
6191091c06029e3acded0a26,Gatins,killedBy,6191091c06029e3acded0b0c,Sandor Clegane
6191091c06029e3acded0a27,Gendry,parents,6191091c06029e3acded0b00,Robert Baratheon
6191091c06029e3acded0a28,Gerold Hightower,killedBy,6191091c06029e3acded0a1c,Eddard Stark
6191091c06029e3acded0a29,Ghost,siblings,6191091c06029e3acded0a3b,Grey Wind
6191091c06029e3acded0a29,Ghost,guardianOf,6191091c06029e3acded0a5c,Jon Snow
6191091c06029e3acded0a29,Ghost,siblings,6191091c06029e3acded0a77,Lady
6191091c06029e3acded0a29,Ghost,siblings,6191091c06029e3acded0ad3,Nymeria
6191091c06029e3acded0a29,Ghost,killed,6191091c06029e3acded0af0,Rast
6191091c06029e3acded0a29,Ghost,siblings,6191091c06029e3acded0b18,Shaggydog
6191091c06029e3acded0a29,Ghost,siblings,6191091c06029e3acded0b27,Summer
6191091c06029e3acded0a2a,Gilly,parentOf,6191091c06029e3acded09f1,Baby Sam
6191091c06029e3acded0a2a,Gilly,parents,6191091c06029e3acded0a0b,Craster
6191091c06029e3acded0a2a,Gilly,marriedEngaged,6191091c06029e3acded0b0b,Samwell Tarly
6191091c06029e3acded0a30,Great Master #1,killedBy,6191091c06029e3acded0af7,Rhaegal
6191091c06029e3acded0a30,Great Master #1,killedBy,6191091c06029e3acded0b43,Viserion
6191091c06029e3acded0a37,Greatjon Umber,parentOf,6191091c06029e3acded0b1b,Smalljon Umber
6191091c06029e3acded0a38,Gregor Clegane,killed,6191091c06029e3acded09e2,Aegon Targaryen
6191091c06029e3acded0a38,Gregor Clegane,serves,6191091c06029e3acded0a07,Cersei Lannister
6191091c06029e3acded0a38,Gregor Clegane,killed,6191091c06029e3acded0a20,Elia Martell
6191091c06029e3acded0a38,Gregor Clegane,killed,6191091c06029e3acded0a4b,Hugh of the Vale
6191091c06029e3acded0a38,Gregor Clegane,killed,6191091c06029e3acded0ab9,Missandei
6191091c06029e3acded0a38,Gregor Clegane,killed,6191091c06029e3acded0ad6,Oberyn Martell
6191091c06029e3acded0a38,Gregor Clegane,killed,6191091c06029e3acded0aec,Qyburn
6191091c06029e3acded0a38,Gregor Clegane,killed,6191091c06029e3acded0afb,Rhaenys Targaryen
6191091c06029e3acded0a38,Gregor Clegane,killedBy,6191091c06029e3acded0b0c,Sandor Clegane
6191091c06029e3acded0a38,Gregor Clegane,serves,6191091c06029e3acded0b3f,Tywin Lannister
6191091c06029e3acded0a3a,Grenn,killed,6191091c06029e3acded0a9f,Mag the Mighty
6191091c06029e3acded0a3a,Grenn,killedBy,6191091c06029e3acded0a9f,Mag the Mighty
6191091c06029e3acded0a3b,Grey Wind,siblings,6191091c06029e3acded0a29,Ghost
6191091c06029e3acded0a3b,Grey Wind,siblings,6191091c06029e3acded0a77,Lady
6191091c06029e3acded0a3b,Grey Wind,siblings,6191091c06029e3acded0ad3,Nymeria
6191091c06029e3acded0a3b,Grey Wind,guardianOf,6191091c06029e3acded0aff,Robb Stark
6191091c06029e3acded0a3b,Grey Wind,siblings,6191091c06029e3acded0b18,Shaggydog
6191091c06029e3acded0a3b,Grey Wind,siblings,6191091c06029e3acded0b27,Summer
6191091c06029e3acded0a3c,Grey Worm,serves,6191091c06029e3acded0a0d,Daenerys Targaryen
6191091c06029e3acded0a3c,Grey Worm,killed,6191091c06029e3acded0a41,Harry Strickland
6191091c06029e3acded0a3c,Grey Worm,killed,6191091c06029e3acded0af2,Razdal mo Eraz
6191091c06029e3acded0a40,Harald Karstark,parentOf,6191091c06029e3acded09e8,Alys Karstark
6191091c06029e3acded0a40,Harald Karstark,parents,6191091c06029e3acded0afc,Rickard Karstark
6191091c06029e3acded0a41,Harry Strickland,killedBy,6191091c06029e3acded0a3c,Grey Worm
6191091c06029e3acded0a45,High Sparrow,killedBy,6191091c06029e3acded0a07,Cersei Lannister
6191091c06029e3acded0a47,Hodor,killed,6191091c06029e3acded0a8c,Locke
6191091c06029e3acded0a4a,Howland Reed,killed,6191091c06029e3acded09ef,Arthur Dayne
6191091c06029e3acded0a4a,Howland Reed,allies,6191091c06029e3acded0a1c,Eddard Stark
6191091c06029e3acded0a4a,Howland Reed,parentOf,6191091c06029e3acded0a5a,Jojen Reed
6191091c06029e3acded0a4a,Howland Reed,parentOf,6191091c06029e3acded0aae,Meera Reed
6191091c06029e3acded0a4b,Hugh of the Vale,killedBy,6191091c06029e3acded0a38,Gregor Clegane
6191091c06029e3acded0a4d,Ilyn Payne,killed,6191091c06029e3acded0a1c,Eddard Stark
6191091c06029e3acded0a4e,Irri,killedBy,6191091c06029e3acded0a16,Doreah
6191091c06029e3acded0a51,Jafer Flowers,killedBy,6191091c06029e3acded0b4b,White Walker
6191091c06029e3acded0a51,Jafer Flowers,killedBy,6191091c06029e3acded0b4c,White Walker
6191091c06029e3acded0a51,Jafer Flowers,killedBy,6191091c06029e3acded0b4d,White Walker
6191091c06029e3acded0a52,Jaime Lannister,guardianOf,6191091c06029e3acded09e4,Aerys II Targaryen
6191091c06029e3acded0a52,Jaime Lannister,killed,6191091c06029e3acded09e4,Aerys II Targaryen
6191091c06029e3acded0a52,Jaime Lannister,killed,6191091c06029e3acded09e7,Alton Lannister
6191091c06029e3acded0a52,Jaime Lannister,siblings,6191091c06029e3acded0a07,Cersei Lannister
6191091c06029e3acded0a52,Jaime Lannister,killed,6191091c06029e3acded0a22,Euron Greyjoy
6191091c06029e3acded0a52,Jaime Lannister,guardianOf,6191091c06029e3acded0a59,Joffrey Baratheon
6191091c06029e3acded0a52,Jaime Lannister,parentOf,6191091c06029e3acded0a59,Joffrey Baratheon
6191091c06029e3acded0a52,Jaime Lannister,killed,6191091c06029e3acded0a5f,Jory Cassel
6191091c06029e3acded0a52,Jaime Lannister,parentOf,6191091c06029e3acded0ac6,Myrcella Baratheon
6191091c06029e3acded0a52,Jaime Lannister,killed,6191091c06029e3acded0ad9,Olenna Tyrell
6191091c06029e3acded0a52,Jaime Lannister,guardianOf,6191091c06029e3acded0b00,Robert Baratheon
6191091c06029e3acded0a52,Jaime Lannister,parentOf,6191091c06029e3acded0b39,Tommen Baratheon
6191091c06029e3acded0a52,Jaime Lannister,siblings,6191091c06029e3acded0b3e,Tyrion Lannister
6191091c06029e3acded0a52,Jaime Lannister,parents,6191091c06029e3acded0b3f,Tywin Lannister
6191091c06029e3acded0a53,Janos Slynt,killedBy,6191091c06029e3acded0a5c,Jon Snow
6191091c06029e3acded0a54,Jaqen H'ghar,killed,6191091c06029e3acded09e9,Amory Lorch
6191091c06029e3acded0a54,Jaqen H'ghar,killed,6191091c06029e3acded0b2e,The Tickler
6191091c06029e3acded0a57,Jeor Mormont,parentOf,6191091c06029e3acded0a5e,Jorah Mormont
6191091c06029e3acded0a57,Jeor Mormont,killedBy,6191091c06029e3acded0af0,Rast
6191091c06029e3acded0a59,Joffrey Baratheon,parents,6191091c06029e3acded0a07,Cersei Lannister
6191091c06029e3acded0a59,Joffrey Baratheon,parents,6191091c06029e3acded0a52,Jaime Lannister
6191091c06029e3acded0a59,Joffrey Baratheon,marriedEngaged,6191091c06029e3acded0aa8,Margaery Tyrell
6191091c06029e3acded0a59,Joffrey Baratheon,siblings,6191091c06029e3acded0ac6,Myrcella Baratheon
6191091c06029e3acded0a59,Joffrey Baratheon,killedBy,6191091c06029e3acded0ad9,Olenna Tyrell
6191091c06029e3acded0a59,Joffrey Baratheon,killedBy,6191091c06029e3acded0ae2,Petyr Baelish
6191091c06029e3acded0a59,Joffrey Baratheon,parents,6191091c06029e3acded0b00,Robert Baratheon
6191091c06029e3acded0a59,Joffrey Baratheon,killed,6191091c06029e3acded0b06,Ros
6191091c06029e3acded0a59,Joffrey Baratheon,marriedEngaged,6191091c06029e3acded0b0d,Sansa Stark
6191091c06029e3acded0a59,Joffrey Baratheon,siblings,6191091c06029e3acded0b39,Tommen Baratheon
6191091c06029e3acded0a5a,Jojen Reed,parents,6191091c06029e3acded0a4a,Howland Reed
6191091c06029e3acded0a5a,Jojen Reed,killedBy,6191091c06029e3acded0aae,Meera Reed
6191091c06029e3acded0a5a,Jojen Reed,siblings,6191091c06029e3acded0aae,Meera Reed
6191091c06029e3acded0a5b,Jon Arryn,guardianOf,6191091c06029e3acded0a1c,Eddard Stark
6191091c06029e3acded0a5b,Jon Arryn,killedBy,6191091c06029e3acded0a99,Lysa Arryn
6191091c06029e3acded0a5b,Jon Arryn,allies,6191091c06029e3acded0b00,Robert Baratheon
6191091c06029e3acded0a5b,Jon Arryn,guardianOf,6191091c06029e3acded0b00,Robert Baratheon
6191091c06029e3acded0a5c,Jon Snow,killed,6191091c06029e3acded09e6,Alliser Thorne
6191091c06029e3acded0a5c,Jon Snow,killedBy,6191091c06029e3acded09e6,Alliser Thorne
6191091c06029e3acded0a5c,Jon Snow,killed,6191091c06029e3acded09fc,Bowen Marsh
6191091c06029e3acded0a5c,Jon Snow,killedBy,6191091c06029e3acded09fc,Bowen Marsh
6191091c06029e3acded0a5c,Jon Snow,killed,6191091c06029e3acded0a0d,Daenerys Targaryen
6191091c06029e3acded0a5c,Jon Snow,guardedBy,6191091c06029e3acded0a1c,Eddard Stark
6191091c06029e3acded0a5c,Jon Snow,guardedBy,6191091c06029e3acded0a29,Ghost
6191091c06029e3acded0a5c,Jon Snow,killed,6191091c06029e3acded0a53,Janos Slynt
6191091c06029e3acded0a5c,Jon Snow,killed,6191091c06029e3acded0a61,Karl Tanner
6191091c06029e3acded0a5c,Jon Snow,killed,6191091c06029e3acded0a98,Lyanna Stark
6191091c06029e3acded0a5c,Jon Snow,parents,6191091c06029e3acded0a98,Lyanna Stark
6191091c06029e3acded0a5c,Jon Snow,killed,6191091c06029e3acded0aa4,Mance Rayder
6191091c06029e3acded0a5c,Jon Snow,killed,6191091c06029e3acded0ada,Olly
6191091c06029e3acded0a5c,Jon Snow,killedBy,6191091c06029e3acded0ada,Olly
6191091c06029e3acded0a5c,Jon Snow,killed,6191091c06029e3acded0adc,Orell
6191091c06029e3acded0a5c,Jon Snow,killed,6191091c06029e3acded0adf,Othell Yarwyck
6191091c06029e3acded0a5c,Jon Snow,killedBy,6191091c06029e3acded0adf,Othell Yarwyck
6191091c06029e3acded0a5c,Jon Snow,killed,6191091c06029e3acded0ae0,Othor
6191091c06029e3acded0a5c,Jon Snow,killed,6191091c06029e3acded0ae9,Qhorin Halfhand
6191091c06029e3acded0a5c,Jon Snow,parents,6191091c06029e3acded0af8,Rhaegar Targaryen
6191091c06029e3acded0a5c,Jon Snow,killed,6191091c06029e3acded0b26,Styr
6191091c06029e3acded0a5c,Jon Snow,killed,6191091c06029e3acded0b4b,White Walker
6191091c06029e3acded0a5c,Jon Snow,killed,6191091c06029e3acded0b4c,White Walker
6191091c06029e3acded0a5c,Jon Snow,killed,6191091c06029e3acded0b4d,White Walker
6191091c06029e3acded0a5c,Jon Snow,marriedEngaged,6191091c06029e3acded0b5b,Ygritte
6191091c06029e3acded0a5e,Jorah Mormont,serves,6191091c06029e3acded0a0d,Daenerys Targaryen
6191091c06029e3acded0a5e,Jorah Mormont,parents,6191091c06029e3acded0a57,Jeor Mormont
6191091c06029e3acded0a5e,Jorah Mormont,killed,6191091c06029e3acded0aea,Qotho
6191091c06029e3acded0a5f,Jory Cassel,serves,6191091c06029e3acded0a1c,Eddard Stark
6191091c06029e3acded0a5f,Jory Cassel,killedBy,6191091c06029e3acded0a52,Jaime Lannister
6191091c06029e3acded0a60,Joyeuse Erenford,killedBy,6191091c06029e3acded0a05,Catelyn Stark
6191091c06029e3acded0a60,Joyeuse Erenford,marriedEngaged,6191091c06029e3acded0b46,Walder Frey
6191091c06029e3acded0a61,Karl Tanner,killed,6191091c06029e3acded0a0b,Craster
6191091c06029e3acded0a61,Karl Tanner,killedBy,6191091c06029e3acded0a5c,Jon Snow
6191091c06029e3acded0a65,Kevan Lannister,killedBy,6191091c06029e3acded0a07,Cersei Lannister
6191091c06029e3acded0a65,Kevan Lannister,parentOf,6191091c06029e3acded0a79,Lancel Lannister
6191091c06029e3acded0a65,Kevan Lannister,parentOf,6191091c06029e3acded0aab,Martyn Lannister
6191091c06029e3acded0a65,Kevan Lannister,siblings,6191091c06029e3acded0b3f,Tywin Lannister
6191091c06029e3acded0a65,Kevan Lannister,parentOf,6191091c06029e3acded0b52,Willem Lannister
6191091c06029e3acded0a66,Khal Drogo,killedBy,6191091c06029e3acded0a0d,Daenerys Targaryen
6191091c06029e3acded0a66,Khal Drogo,marriedEngaged,6191091c06029e3acded0a0d,Daenerys Targaryen
6191091c06029e3acded0a66,Khal Drogo,killed,6191091c06029e3acded0aa1,Mago
6191091c06029e3acded0a66,Khal Drogo,parentOf,6191091c06029e3acded0af9,Rhaego
6191091c06029e3acded0a66,Khal Drogo,killed,6191091c06029e3acded0b44,Viserys Targaryen
6191091c06029e3acded0a67,Khal Moro,killedBy,6191091c06029e3acded0a0d,Daenerys Targaryen
6191091c06029e3acded0a68,Khal Rhalko,killedBy,6191091c06029e3acded0a0d,Daenerys Targaryen
6191091c06029e3acded0a6d,King's Landing Rioter #1,killedBy,6191091c06029e3acded0b0c,Sandor Clegane
6191091c06029e3acded0a6e,King's Landing Rioter #2,killedBy,6191091c06029e3acded0b0c,Sandor Clegane
6191091c06029e3acded0a6f,King's Landing Rioter #3,killedBy,6191091c06029e3acded0b0c,Sandor Clegane
6191091c06029e3acded0a71,Kitty Frey,marriedEngaged,6191091c06029e3acded0b46,Walder Frey
6191091c06029e3acded0a75,Kraznys mo Nakloz,killedBy,6191091c06029e3acded0a1a,Drogon
6191091c06029e3acded0a77,Lady,killedBy,6191091c06029e3acded0a1c,Eddard Stark
6191091c06029e3acded0a77,Lady,siblings,6191091c06029e3acded0a29,Ghost
6191091c06029e3acded0a77,Lady,siblings,6191091c06029e3acded0a3b,Grey Wind
6191091c06029e3acded0a77,Lady,siblings,6191091c06029e3acded0ad3,Nymeria
6191091c06029e3acded0a77,Lady,guardianOf,6191091c06029e3acded0b0d,Sansa Stark
6191091c06029e3acded0a77,Lady,siblings,6191091c06029e3acded0b18,Shaggydog
6191091c06029e3acded0a77,Lady,siblings,6191091c06029e3acded0b27,Summer
6191091c06029e3acded0a78,Lady Crane,killedBy,6191091c06029e3acded0b2f,The Waif
6191091c06029e3acded0a79,Lancel Lannister,killedBy,6191091c06029e3acded0a07,Cersei Lannister
6191091c06029e3acded0a79,Lancel Lannister,parents,6191091c06029e3acded0a65,Kevan Lannister
6191091c06029e3acded0a79,Lancel Lannister,siblings,6191091c06029e3acded0aab,Martyn Lannister
6191091c06029e3acded0a79,Lancel Lannister,siblings,6191091c06029e3acded0b52,Willem Lannister
6191091c06029e3acded0a7f,Lead Dornish Guard,killedBy,6191091c06029e3acded0a01,Bronn
6191091c06029e3acded0a81,Lem Lemoncloak,killed,6191091c06029e3acded0a02,Brother Ray
6191091c06029e3acded0a81,Lem Lemoncloak,killedBy,6191091c06029e3acded0b0c,Sandor Clegane
6191091c06029e3acded0a8b,Loboda,killedBy,6191091c06029e3acded0b4b,White Walker
6191091c06029e3acded0a8b,Loboda,killedBy,6191091c06029e3acded0b4c,White Walker
6191091c06029e3acded0a8b,Loboda,killedBy,6191091c06029e3acded0b4d,White Walker
6191091c06029e3acded0a8c,Locke,killedBy,6191091c06029e3acded0a47,Hodor
6191091c06029e3acded0a8d,Lollys Stokeworth,marriedEngaged,6191091c06029e3acded0a01,Bronn
6191091c06029e3acded0a8e,Lommy Greenhands,killedBy,6191091c06029e3acded0ae4,Polliver
6191091c06029e3acded0a8f,Loras Tyrell,killedBy,6191091c06029e3acded0a07,Cersei Lannister
6191091c06029e3acded0a8f,Loras Tyrell,parents,6191091c06029e3acded0a9a,Mace Tyrell
6191091c06029e3acded0a8f,Loras Tyrell,siblings,6191091c06029e3acded0aa8,Margaery Tyrell
6191091c06029e3acded0a92,Lord Varys,killedBy,6191091c06029e3acded0a0d,Daenerys Targaryen
6191091c06029e3acded0a94,Lothar Frey,killedBy,6191091c06029e3acded09f0,Arya Stark
6191091c06029e3acded0a94,Lothar Frey,killed,6191091c06029e3acded0b29,Talisa Maegyr
6191091c06029e3acded0a94,Lothar Frey,parents,6191091c06029e3acded0b46,Walder Frey
6191091c06029e3acded0a97,Lyanna Mormont,killed,6191091c06029e3acded0b56,Wun Wun
6191091c06029e3acded0a97,Lyanna Mormont,killedBy,6191091c06029e3acded0b56,Wun Wun
6191091c06029e3acded0a98,Lyanna Stark,siblings,6191091c06029e3acded09f5,Benjen Stark
6191091c06029e3acded0a98,Lyanna Stark,siblings,6191091c06029e3acded09fd,Brandon Stark
6191091c06029e3acded0a98,Lyanna Stark,siblings,6191091c06029e3acded0a1c,Eddard Stark
6191091c06029e3acded0a98,Lyanna Stark,killedBy,6191091c06029e3acded0a5c,Jon Snow
6191091c06029e3acded0a98,Lyanna Stark,parentOf,6191091c06029e3acded0a5c,Jon Snow
6191091c06029e3acded0a98,Lyanna Stark,abductedBy,6191091c06029e3acded0af8,Rhaegar Targaryen
6191091c06029e3acded0a98,Lyanna Stark,marriedEngaged,6191091c06029e3acded0af8,Rhaegar Targaryen
6191091c06029e3acded0a98,Lyanna Stark,parents,6191091c06029e3acded0afd,Rickard Stark
6191091c06029e3acded0a98,Lyanna Stark,marriedEngaged,6191091c06029e3acded0b00,Robert Baratheon
6191091c06029e3acded0a99,Lysa Arryn,siblings,6191091c06029e3acded0a1e,Edmure Tully
6191091c06029e3acded0a99,Lysa Arryn,parents,6191091c06029e3acded0a48,Hoster Tully
6191091c06029e3acded0a99,Lysa Arryn,killed,6191091c06029e3acded0a5b,Jon Arryn
6191091c06029e3acded0a99,Lysa Arryn,killedBy,6191091c06029e3acded0ae2,Petyr Baelish
6191091c06029e3acded0a99,Lysa Arryn,marriedEngaged,6191091c06029e3acded0ae2,Petyr Baelish
6191091c06029e3acded0a9a,Mace Tyrell,killedBy,6191091c06029e3acded0a07,Cersei Lannister
6191091c06029e3acded0a9a,Mace Tyrell,parentOf,6191091c06029e3acded0a8f,Loras Tyrell
6191091c06029e3acded0a9a,Mace Tyrell,parentOf,6191091c06029e3acded0aa8,Margaery Tyrell
6191091c06029e3acded0a9c,Maester Cressen,killed,6191091c06029e3acded0a9c,Maester Cressen
6191091c06029e3acded0a9c,Maester Cressen,killedBy,6191091c06029e3acded0a9c,Maester Cressen
6191091c06029e3acded0a9d,Maester Luwin,killedBy,6191091c06029e3acded0ade,Osha
6191091c06029e3acded0a9f,Mag the Mighty,killed,6191091c06029e3acded0a3a,Grenn
6191091c06029e3acded0a9f,Mag the Mighty,killedBy,6191091c06029e3acded0a3a,Grenn
6191091c06029e3acded0aa1,Mago,killedBy,6191091c06029e3acded0a66,Khal Drogo
6191091c06029e3acded0aa4,Mance Rayder,killedBy,6191091c06029e3acded0a5c,Jon Snow
6191091c06029e3acded0aa4,Mance Rayder,killedBy,6191091c06029e3acded0ab1,Melisandre
6191091c06029e3acded0aa5,Mandon Moore,killedBy,6191091c06029e3acded0ae3,Podrick Payne
6191091c06029e3acded0aa8,Margaery Tyrell,killedBy,6191091c06029e3acded0a07,Cersei Lannister
6191091c06029e3acded0aa8,Margaery Tyrell,marriedEngaged,6191091c06029e3acded0a59,Joffrey Baratheon
6191091c06029e3acded0aa8,Margaery Tyrell,siblings,6191091c06029e3acded0a8f,Loras Tyrell
6191091c06029e3acded0aa8,Margaery Tyrell,parents,6191091c06029e3acded0a9a,Mace Tyrell
6191091c06029e3acded0aa8,Margaery Tyrell,marriedEngaged,6191091c06029e3acded0af6,Renly Baratheon
6191091c06029e3acded0aa8,Margaery Tyrell,marriedEngaged,6191091c06029e3acded0b39,Tommen Baratheon
6191091c06029e3acded0aab,Martyn Lannister,parents,6191091c06029e3acded0a65,Kevan Lannister
6191091c06029e3acded0aab,Martyn Lannister,siblings,6191091c06029e3acded0a79,Lancel Lannister
6191091c06029e3acded0aab,Martyn Lannister,killedBy,6191091c06029e3acded0afc,Rickard Karstark
6191091c06029e3acded0aab,Martyn Lannister,siblings,6191091c06029e3acded0b52,Willem Lannister
6191091c06029e3acded0aad,Matthos Seaworth,killedBy,6191091c06029e3acded0a01,Bronn
6191091c06029e3acded0aad,Matthos Seaworth,parents,6191091c06029e3acded0a10,Davos Seaworth
6191091c06029e3acded0aae,Meera Reed,parents,6191091c06029e3acded0a4a,Howland Reed
6191091c06029e3acded0aae,Meera Reed,killed,6191091c06029e3acded0a5a,Jojen Reed
6191091c06029e3acded0aae,Meera Reed,killed,6191091c06029e3acded0b4b,White Walker
6191091c06029e3acded0aae,Meera Reed,killed,6191091c06029e3acded0b4c,White Walker
6191091c06029e3acded0aae,Meera Reed,killed,6191091c06029e3acded0b4d,White Walker
6191091c06029e3acded0ab0,Melessa Tarly,parentOf,6191091c06029e3acded0a11,Dickon Tarly
6191091c06029e3acded0ab0,Melessa Tarly,marriedEngaged,6191091c06029e3acded0aef,Randyll Tarly
6191091c06029e3acded0ab0,Melessa Tarly,parentOf,6191091c06029e3acded0b0b,Samwell Tarly
6191091c06029e3acded0ab0,Melessa Tarly,parentOf,6191091c06029e3acded0b2a,Talla Tarly
6191091c06029e3acded0ab1,Melisandre,killed,6191091c06029e3acded0aa4,Mance Rayder
6191091c06029e3acded0ab1,Melisandre,killed,6191091c06029e3acded0af6,Renly Baratheon
6191091c06029e3acded0ab1,Melisandre,killed,6191091c06029e3acded0b19,Shireen Baratheon
6191091c06029e3acded0ab2,Merchant Captain,killedBy,6191091c06029e3acded0ad5,Obara Sand
6191091c06029e3acded0ab3,Mero,killedBy,6191091c06029e3acded0a0c,Daario Naharis
6191091c06029e3acded0ab4,Meryn Trant,killedBy,6191091c06029e3acded09f0,Arya Stark
6191091c06029e3acded0ab4,Meryn Trant,killed,6191091c06029e3acded0b28,Syrio Forel
6191091c06029e3acded0ab8,Mirri Maz Duur,killedBy,6191091c06029e3acded0a0d,Daenerys Targaryen
6191091c06029e3acded0ab8,Mirri Maz Duur,killed,6191091c06029e3acded0af9,Rhaego
6191091c06029e3acded0ab9,Missandei,serves,6191091c06029e3acded0a0d,Daenerys Targaryen
6191091c06029e3acded0ab9,Missandei,killedBy,6191091c06029e3acded0a38,Gregor Clegane
6191091c06029e3acded0abb,Mossador,killedBy,6191091c06029e3acded0a0c,Daario Naharis
6191091c06029e3acded0ac4,Mycah,killedBy,6191091c06029e3acded0b0c,Sandor Clegane
6191091c06029e3acded0ac5,Myranda,killedBy,6191091c06029e3acded0b31,Theon Greyjoy
6191091c06029e3acded0ac6,Myrcella Baratheon,parents,6191091c06029e3acded0a07,Cersei Lannister
6191091c06029e3acded0ac6,Myrcella Baratheon,killedBy,6191091c06029e3acded0a1f,Ellaria Sand
6191091c06029e3acded0ac6,Myrcella Baratheon,parents,6191091c06029e3acded0a52,Jaime Lannister
6191091c06029e3acded0ac6,Myrcella Baratheon,siblings,6191091c06029e3acded0a59,Joffrey Baratheon
6191091c06029e3acded0ac6,Myrcella Baratheon,parents,6191091c06029e3acded0b00,Robert Baratheon
6191091c06029e3acded0ac6,Myrcella Baratheon,siblings,6191091c06029e3acded0b39,Tommen Baratheon
6191091c06029e3acded0ac6,Myrcella Baratheon,marriedEngaged,6191091c06029e3acded0b3b,Trystane Martell
6191091c06029e3acded0ac7,Ned Umber,killedBy,6191091c06029e3acded0b2d,The Night King
6191091c06029e3acded0ad3,Nymeria,guardianOf,6191091c06029e3acded09f0,Arya Stark
6191091c06029e3acded0ad3,Nymeria,siblings,6191091c06029e3acded0a29,Ghost
6191091c06029e3acded0ad3,Nymeria,siblings,6191091c06029e3acded0a3b,Grey Wind
6191091c06029e3acded0ad3,Nymeria,siblings,6191091c06029e3acded0a77,Lady
6191091c06029e3acded0ad3,Nymeria,siblings,6191091c06029e3acded0b18,Shaggydog
6191091c06029e3acded0ad3,Nymeria,siblings,6191091c06029e3acded0b27,Summer
6191091c06029e3acded0ad4,Nymeria Sand,killedBy,6191091c06029e3acded0a22,Euron Greyjoy
6191091c06029e3acded0ad4,Nymeria Sand,parents,6191091c06029e3acded0ad6,Oberyn Martell
6191091c06029e3acded0ad5,Obara Sand,killedBy,6191091c06029e3acded0a22,Euron Greyjoy
6191091c06029e3acded0ad5,Obara Sand,killed,6191091c06029e3acded0ab2,Merchant Captain
6191091c06029e3acded0ad5,Obara Sand,parents,6191091c06029e3acded0ad6,Oberyn Martell
6191091c06029e3acded0ad5,Obara Sand,killed,6191091c06029e3acded0b3b,Trystane Martell
6191091c06029e3acded0ad6,Oberyn Martell,siblings,6191091c06029e3acded0a15,Doran Martell
6191091c06029e3acded0ad6,Oberyn Martell,marriedEngaged,6191091c06029e3acded0a1f,Ellaria Sand
6191091c06029e3acded0ad6,Oberyn Martell,siblings,6191091c06029e3acded0a20,Elia Martell
6191091c06029e3acded0ad6,Oberyn Martell,killedBy,6191091c06029e3acded0a38,Gregor Clegane
6191091c06029e3acded0ad6,Oberyn Martell,parentOf,6191091c06029e3acded0ad4,Nymeria Sand
6191091c06029e3acded0ad6,Oberyn Martell,parentOf,6191091c06029e3acded0ad5,Obara Sand
6191091c06029e3acded0ad6,Oberyn Martell,parentOf,6191091c06029e3acded0b3d,Tyene Sand
6191091c06029e3acded0ad9,Olenna Tyrell,killedBy,6191091c06029e3acded0a52,Jaime Lannister
6191091c06029e3acded0ad9,Olenna Tyrell,killed,6191091c06029e3acded0a59,Joffrey Baratheon
6191091c06029e3acded0ad9,Olenna Tyrell,parentOf,6191091c06029e3acded0a9a,Mace Tyrell
6191091c06029e3acded0ada,Olly,killed,6191091c06029e3acded0a5c,Jon Snow
6191091c06029e3acded0ada,Olly,killedBy,6191091c06029e3acded0a5c,Jon Snow
6191091c06029e3acded0ada,Olly,killed,6191091c06029e3acded0b5b,Ygritte
6191091c06029e3acded0adc,Orell,killedBy,6191091c06029e3acded0a5c,Jon Snow
6191091c06029e3acded0ade,Osha,killed,6191091c06029e3acded0a19,Drennan
6191091c06029e3acded0ade,Osha,killed,6191091c06029e3acded0a9d,Maester Luwin
6191091c06029e3acded0ade,Osha,killedBy,6191091c06029e3acded0aee,Ramsay Snow
6191091c06029e3acded0adf,Othell Yarwyck,killed,6191091c06029e3acded0a5c,Jon Snow
6191091c06029e3acded0adf,Othell Yarwyck,killedBy,6191091c06029e3acded0a5c,Jon Snow
6191091c06029e3acded0ae0,Othor,killedBy,6191091c06029e3acded0a5c,Jon Snow
6191091c06029e3acded0ae0,Othor,killedBy,6191091c06029e3acded0b4b,White Walker
6191091c06029e3acded0ae0,Othor,killedBy,6191091c06029e3acded0b4c,White Walker
6191091c06029e3acded0ae0,Othor,killedBy,6191091c06029e3acded0b4d,White Walker
6191091c06029e3acded0ae2,Petyr Baelish,killedBy,6191091c06029e3acded09f0,Arya Stark
6191091c06029e3acded0ae2,Petyr Baelish,killed,6191091c06029e3acded0a14,Dontos Hollard
6191091c06029e3acded0ae2,Petyr Baelish,killed,6191091c06029e3acded0a59,Joffrey Baratheon
6191091c06029e3acded0ae2,Petyr Baelish,killed,6191091c06029e3acded0a99,Lysa Arryn
6191091c06029e3acded0ae2,Petyr Baelish,marriedEngaged,6191091c06029e3acded0a99,Lysa Arryn
6191091c06029e3acded0ae3,Podrick Payne,serves,6191091c06029e3acded09fe,Bran Stark
6191091c06029e3acded0ae3,Podrick Payne,serves,6191091c06029e3acded0a00,Brienne of Tarth
6191091c06029e3acded0ae3,Podrick Payne,killed,6191091c06029e3acded0aa5,Mandon Moore
6191091c06029e3acded0ae3,Podrick Payne,serves,6191091c06029e3acded0b3e,Tyrion Lannister
6191091c06029e3acded0ae4,Polliver,killedBy,6191091c06029e3acded09f0,Arya Stark
6191091c06029e3acded0ae4,Polliver,killed,6191091c06029e3acded0a8e,Lommy Greenhands
6191091c06029e3acded0ae5,Prendahl na Ghezn,killedBy,6191091c06029e3acded0a0c,Daario Naharis
6191091c06029e3acded0ae6,Pyat Pree,killedBy,6191091c06029e3acded0a1a,Drogon
6191091c06029e3acded0ae6,Pyat Pree,killedBy,6191091c06029e3acded0af7,Rhaegal
6191091c06029e3acded0ae6,Pyat Pree,killed,6191091c06029e3acded0b1a,Silk King
6191091c06029e3acded0ae6,Pyat Pree,killed,6191091c06029e3acded0b1c,Spice King
6191091c06029e3acded0ae6,Pyat Pree,killedBy,6191091c06029e3acded0b43,Viserion
6191091c06029e3acded0ae7,Pypar,killedBy,6191091c06029e3acded0b5b,Ygritte
6191091c06029e3acded0ae9,Qhorin Halfhand,killedBy,6191091c06029e3acded0a5c,Jon Snow
6191091c06029e3acded0aea,Qotho,killedBy,6191091c06029e3acded0a5e,Jorah Mormont
6191091c06029e3acded0aec,Qyburn,serves,6191091c06029e3acded0a07,Cersei Lannister
6191091c06029e3acded0aec,Qyburn,killedBy,6191091c06029e3acded0a38,Gregor Clegane
6191091c06029e3acded0aee,Ramsay Snow,killed,6191091c06029e3acded0ade,Osha
6191091c06029e3acded0aee,Ramsay Snow,killed,6191091c06029e3acded0afe,Rickon Stark
6191091c06029e3acded0aee,Ramsay Snow,killed,6191091c06029e3acded0b04,Roose Bolton
6191091c06029e3acded0aee,Ramsay Snow,parents,6191091c06029e3acded0b04,Roose Bolton
6191091c06029e3acded0aee,Ramsay Snow,marriedEngaged,6191091c06029e3acded0b0d,Sansa Stark
6191091c06029e3acded0aee,Ramsay Snow,killed,6191091c06029e3acded0b56,Wun Wun
6191091c06029e3acded0aef,Randyll Tarly,killedBy,6191091c06029e3acded0a0d,Daenerys Targaryen
6191091c06029e3acded0aef,Randyll Tarly,parentOf,6191091c06029e3acded0a11,Dickon Tarly
6191091c06029e3acded0aef,Randyll Tarly,marriedEngaged,6191091c06029e3acded0ab0,Melessa Tarly
6191091c06029e3acded0aef,Randyll Tarly,parentOf,6191091c06029e3acded0b0b,Samwell Tarly
6191091c06029e3acded0aef,Randyll Tarly,parentOf,6191091c06029e3acded0b2a,Talla Tarly
6191091c06029e3acded0af0,Rast,killedBy,6191091c06029e3acded0a29,Ghost
6191091c06029e3acded0af0,Rast,killed,6191091c06029e3acded0a57,Jeor Mormont
6191091c06029e3acded0af1,Rattleshirt,killedBy,6191091c06029e3acded0b3a,Tormund Giantsbane
6191091c06029e3acded0af2,Razdal mo Eraz,killedBy,6191091c06029e3acded0a3c,Grey Worm
6191091c06029e3acded0af3,Red Keep Stableboy,killedBy,6191091c06029e3acded09f0,Arya Stark
6191091c06029e3acded0af6,Renly Baratheon,marriedEngaged,6191091c06029e3acded0aa8,Margaery Tyrell
6191091c06029e3acded0af6,Renly Baratheon,killedBy,6191091c06029e3acded0ab1,Melisandre
6191091c06029e3acded0af6,Renly Baratheon,siblings,6191091c06029e3acded0b00,Robert Baratheon
6191091c06029e3acded0af6,Renly Baratheon,siblings,6191091c06029e3acded0b1d,Stannis Baratheon
6191091c06029e3acded0af7,Rhaegal,guardianOf,6191091c06029e3acded0a0d,Daenerys Targaryen
6191091c06029e3acded0af7,Rhaegal,siblings,6191091c06029e3acded0a1a,Drogon
6191091c06029e3acded0af7,Rhaegal,killedBy,6191091c06029e3acded0a22,Euron Greyjoy
6191091c06029e3acded0af7,Rhaegal,killed,6191091c06029e3acded0a30,Great Master #1
6191091c06029e3acded0af7,Rhaegal,killed,6191091c06029e3acded0ae6,Pyat Pree
6191091c06029e3acded0af7,Rhaegal,siblings,6191091c06029e3acded0b43,Viserion
6191091c06029e3acded0af8,Rhaegar Targaryen,parentOf,6191091c06029e3acded09e2,Aegon Targaryen
6191091c06029e3acded0af8,Rhaegar Targaryen,parents,6191091c06029e3acded09e4,Aerys II Targaryen
6191091c06029e3acded0af8,Rhaegar Targaryen,siblings,6191091c06029e3acded0a0d,Daenerys Targaryen
6191091c06029e3acded0af8,Rhaegar Targaryen,marriedEngaged,6191091c06029e3acded0a20,Elia Martell
6191091c06029e3acded0af8,Rhaegar Targaryen,parentOf,6191091c06029e3acded0a5c,Jon Snow
6191091c06029e3acded0af8,Rhaegar Targaryen,abducted,6191091c06029e3acded0a98,Lyanna Stark
6191091c06029e3acded0af8,Rhaegar Targaryen,marriedEngaged,6191091c06029e3acded0a98,Lyanna Stark
6191091c06029e3acded0af8,Rhaegar Targaryen,parents,6191091c06029e3acded0afa,Rhaella Targaryen
6191091c06029e3acded0af8,Rhaegar Targaryen,parentOf,6191091c06029e3acded0afb,Rhaenys Targaryen
6191091c06029e3acded0af8,Rhaegar Targaryen,killedBy,6191091c06029e3acded0b00,Robert Baratheon
6191091c06029e3acded0af8,Rhaegar Targaryen,siblings,6191091c06029e3acded0b44,Viserys Targaryen
6191091c06029e3acded0af9,Rhaego,parents,6191091c06029e3acded0a0d,Daenerys Targaryen
6191091c06029e3acded0af9,Rhaego,parents,6191091c06029e3acded0a66,Khal Drogo
6191091c06029e3acded0af9,Rhaego,killedBy,6191091c06029e3acded0ab8,Mirri Maz Duur
6191091c06029e3acded0afa,Rhaella Targaryen,marriedEngaged,6191091c06029e3acded09e4,Aerys II Targaryen
6191091c06029e3acded0afa,Rhaella Targaryen,siblings,6191091c06029e3acded09e4,Aerys II Targaryen
6191091c06029e3acded0afa,Rhaella Targaryen,parentOf,6191091c06029e3acded0a0d,Daenerys Targaryen
6191091c06029e3acded0afa,Rhaella Targaryen,parentOf,6191091c06029e3acded0af8,Rhaegar Targaryen
6191091c06029e3acded0afa,Rhaella Targaryen,parentOf,6191091c06029e3acded0b44,Viserys Targaryen
6191091c06029e3acded0afb,Rhaenys Targaryen,sibling,6191091c06029e3acded09e2,Aegon Targaryen
6191091c06029e3acded0afb,Rhaenys Targaryen,parents,6191091c06029e3acded0a20,Elia Martell
6191091c06029e3acded0afb,Rhaenys Targaryen,killedBy,6191091c06029e3acded0a38,Gregor Clegane
6191091c06029e3acded0afb,Rhaenys Targaryen,sibling,6191091c06029e3acded0a5c,Jon Snow
6191091c06029e3acded0afb,Rhaenys Targaryen,parents,6191091c06029e3acded0af8,Rhaegar Targaryen
6191091c06029e3acded0afc,Rickard Karstark,parentOf,6191091c06029e3acded0a40,Harald Karstark
6191091c06029e3acded0afc,Rickard Karstark,killed,6191091c06029e3acded0aab,Martyn Lannister
6191091c06029e3acded0afc,Rickard Karstark,killedBy,6191091c06029e3acded0aff,Robb Stark
6191091c06029e3acded0afc,Rickard Karstark,killed,6191091c06029e3acded0b52,Willem Lannister
6191091c06029e3acded0afd,Rickard Stark,killedBy,6191091c06029e3acded09e4,Aerys II Targaryen
6191091c06029e3acded0afd,Rickard Stark,parentOf,6191091c06029e3acded09f5,Benjen Stark
6191091c06029e3acded0afd,Rickard Stark,parentOf,6191091c06029e3acded09fd,Brandon Stark
6191091c06029e3acded0afd,Rickard Stark,parentOf,6191091c06029e3acded0a1c,Eddard Stark
6191091c06029e3acded0afd,Rickard Stark,parentOf,6191091c06029e3acded0a98,Lyanna Stark
6191091c06029e3acded0afe,Rickon Stark,siblings,6191091c06029e3acded09f0,Arya Stark
6191091c06029e3acded0afe,Rickon Stark,siblings,6191091c06029e3acded09fe,Bran Stark
6191091c06029e3acded0afe,Rickon Stark,parents,6191091c06029e3acded0a05,Catelyn Stark
6191091c06029e3acded0afe,Rickon Stark,parents,6191091c06029e3acded0a1c,Eddard Stark
6191091c06029e3acded0afe,Rickon Stark,killedBy,6191091c06029e3acded0aee,Ramsay Snow
6191091c06029e3acded0afe,Rickon Stark,siblings,6191091c06029e3acded0aff,Robb Stark
6191091c06029e3acded0afe,Rickon Stark,siblings,6191091c06029e3acded0b0d,Sansa Stark
6191091c06029e3acded0afe,Rickon Stark,guardedBy,6191091c06029e3acded0b18,Shaggydog
6191091c06029e3acded0aff,Robb Stark,siblings,6191091c06029e3acded09f0,Arya Stark
6191091c06029e3acded0aff,Robb Stark,siblings,6191091c06029e3acded09fe,Bran Stark
6191091c06029e3acded0aff,Robb Stark,parents,6191091c06029e3acded0a05,Catelyn Stark
6191091c06029e3acded0aff,Robb Stark,parents,6191091c06029e3acded0a1c,Eddard Stark
6191091c06029e3acded0aff,Robb Stark,guardedBy,6191091c06029e3acded0a3b,Grey Wind
6191091c06029e3acded0aff,Robb Stark,killed,6191091c06029e3acded0afc,Rickard Karstark
6191091c06029e3acded0aff,Robb Stark,siblings,6191091c06029e3acded0afe,Rickon Stark
6191091c06029e3acded0aff,Robb Stark,killedBy,6191091c06029e3acded0b04,Roose Bolton
6191091c06029e3acded0aff,Robb Stark,marriedEngaged,6191091c06029e3acded0b07,Roslin Frey
6191091c06029e3acded0aff,Robb Stark,siblings,6191091c06029e3acded0b0d,Sansa Stark
6191091c06029e3acded0aff,Robb Stark,marriedEngaged,6191091c06029e3acded0b29,Talisa Maegyr
6191091c06029e3acded0aff,Robb Stark,killed,6191091c06029e3acded0b47,Wallen
6191091c06029e3acded0b00,Robert Baratheon,marriedEngaged,6191091c06029e3acded0a07,Cersei Lannister
6191091c06029e3acded0b00,Robert Baratheon,allies,6191091c06029e3acded0a1c,Eddard Stark
6191091c06029e3acded0b00,Robert Baratheon,parentOf,6191091c06029e3acded0a59,Joffrey Baratheon
6191091c06029e3acded0b00,Robert Baratheon,allies,6191091c06029e3acded0a5b,Jon Arryn
6191091c06029e3acded0b00,Robert Baratheon,guardedBy,6191091c06029e3acded0a5b,Jon Arryn
6191091c06029e3acded0b00,Robert Baratheon,marriedEngaged,6191091c06029e3acded0a98,Lyanna Stark
6191091c06029e3acded0b00,Robert Baratheon,parentOf,6191091c06029e3acded0ac6,Myrcella Baratheon
6191091c06029e3acded0b00,Robert Baratheon,siblings,6191091c06029e3acded0af6,Renly Baratheon
6191091c06029e3acded0b00,Robert Baratheon,killed,6191091c06029e3acded0af8,Rhaegar Targaryen
6191091c06029e3acded0b00,Robert Baratheon,siblings,6191091c06029e3acded0b1d,Stannis Baratheon
6191091c06029e3acded0b00,Robert Baratheon,parentOf,6191091c06029e3acded0b39,Tommen Baratheon
6191091c06029e3acded0b00,Robert Baratheon,allies,6191091c06029e3acded0b3f,Tywin Lannister
6191091c06029e3acded0b02,Robin Arryn,parents,6191091c06029e3acded0a5b,Jon Arryn
6191091c06029e3acded0b02,Robin Arryn,parents,6191091c06029e3acded0a99,Lysa Arryn
6191091c06029e3acded0b03,Rodrik Cassel,serves,6191091c06029e3acded0a1c,Eddard Stark
6191091c06029e3acded0b03,Rodrik Cassel,killedBy,6191091c06029e3acded0b31,Theon Greyjoy
6191091c06029e3acded0b04,Roose Bolton,killedBy,6191091c06029e3acded0aee,Ramsay Snow
6191091c06029e3acded0b04,Roose Bolton,parentOf,6191091c06029e3acded0aee,Ramsay Snow
6191091c06029e3acded0b04,Roose Bolton,killed,6191091c06029e3acded0aff,Robb Stark
6191091c06029e3acded0b04,Roose Bolton,marriedEngaged,6191091c06029e3acded0b45,Walda Bolton
6191091c06029e3acded0b05,Rorge,killedBy,6191091c06029e3acded09f0,Arya Stark
6191091c06029e3acded0b06,Ros,killedBy,6191091c06029e3acded0a59,Joffrey Baratheon
6191091c06029e3acded0b07,Roslin Frey,marriedEngaged,6191091c06029e3acded0a1e,Edmure Tully
6191091c06029e3acded0b07,Roslin Frey,marriedEngaged,6191091c06029e3acded0aff,Robb Stark
6191091c06029e3acded0b07,Roslin Frey,parents,6191091c06029e3acded0b46,Walder Frey
6191091c06029e3acded0b09,Ryger Rivers,parents,6191091c06029e3acded0b46,Walder Frey
6191091c06029e3acded0b0b,Samwell Tarly,parentOf,6191091c06029e3acded09f1,Baby Sam
6191091c06029e3acded0b0b,Samwell Tarly,siblings,6191091c06029e3acded0a11,Dickon Tarly
6191091c06029e3acded0b0b,Samwell Tarly,marriedEngaged,6191091c06029e3acded0a2a,Gilly
6191091c06029e3acded0b0b,Samwell Tarly,parents,6191091c06029e3acded0ab0,Melessa Tarly
6191091c06029e3acded0b0b,Samwell Tarly,parents,6191091c06029e3acded0aef,Randyll Tarly
6191091c06029e3acded0b0b,Samwell Tarly,siblings,6191091c06029e3acded0b2a,Talla Tarly
6191091c06029e3acded0b0b,Samwell Tarly,killed,6191091c06029e3acded0b30,Thenn Warg
6191091c06029e3acded0b0b,Samwell Tarly,killed,6191091c06029e3acded0b4b,White Walker
6191091c06029e3acded0b0b,Samwell Tarly,killed,6191091c06029e3acded0b4c,White Walker
6191091c06029e3acded0b0b,Samwell Tarly,killed,6191091c06029e3acded0b4d,White Walker
6191091c06029e3acded0b0c,Sandor Clegane,killed,6191091c06029e3acded09f6,Beric Dondarrion
6191091c06029e3acded0b0c,Sandor Clegane,killed,6191091c06029e3acded09f8,Biter
6191091c06029e3acded0b0c,Sandor Clegane,killed,6191091c06029e3acded0a26,Gatins
6191091c06029e3acded0b0c,Sandor Clegane,killed,6191091c06029e3acded0a38,Gregor Clegane
6191091c06029e3acded0b0c,Sandor Clegane,siblings,6191091c06029e3acded0a38,Gregor Clegane
6191091c06029e3acded0b0c,Sandor Clegane,killed,6191091c06029e3acded0a81,Lem Lemoncloak
6191091c06029e3acded0b0c,Sandor Clegane,killed,6191091c06029e3acded0ac4,Mycah
6191091c06029e3acded0b0c,Sandor Clegane,killed,6191091c06029e3acded0b0c,Sandor Clegane
6191091c06029e3acded0b0c,Sandor Clegane,killedBy,6191091c06029e3acded0b0c,Sandor Clegane
6191091c06029e3acded0b0d,Sansa Stark,siblings,6191091c06029e3acded09f0,Arya Stark
6191091c06029e3acded0b0d,Sansa Stark,siblings,6191091c06029e3acded09fe,Bran Stark
6191091c06029e3acded0b0d,Sansa Stark,parents,6191091c06029e3acded0a05,Catelyn Stark
6191091c06029e3acded0b0d,Sansa Stark,parents,6191091c06029e3acded0a1c,Eddard Stark
6191091c06029e3acded0b0d,Sansa Stark,marriedEngaged,6191091c06029e3acded0a59,Joffrey Baratheon
6191091c06029e3acded0b0d,Sansa Stark,guardedBy,6191091c06029e3acded0a77,Lady
6191091c06029e3acded0b0d,Sansa Stark,marriedEngaged,6191091c06029e3acded0aee,Ramsay Snow
6191091c06029e3acded0b0d,Sansa Stark,siblings,6191091c06029e3acded0afe,Rickon Stark
6191091c06029e3acded0b0d,Sansa Stark,siblings,6191091c06029e3acded0aff,Robb Stark
6191091c06029e3acded0b0d,Sansa Stark,marriedEngaged,6191091c06029e3acded0b3e,Tyrion Lannister
6191091c06029e3acded0b0e,Selyse Baratheon,killed,6191091c06029e3acded0b0e,Selyse Baratheon
6191091c06029e3acded0b0e,Selyse Baratheon,killedBy,6191091c06029e3acded0b0e,Selyse Baratheon
6191091c06029e3acded0b0e,Selyse Baratheon,parentOf,6191091c06029e3acded0b19,Shireen Baratheon
6191091c06029e3acded0b0e,Selyse Baratheon,marriedEngaged,6191091c06029e3acded0b1d,Stannis Baratheon
6191091c06029e3acded0b10,Septa Mordane,killedBy,6191091c06029e3acded0a7c,Lannister Guardsman
6191091c06029e3acded0b16,Shae,killedBy,6191091c06029e3acded0b3e,Tyrion Lannister
6191091c06029e3acded0b18,Shaggydog,siblings,6191091c06029e3acded0a29,Ghost
6191091c06029e3acded0b18,Shaggydog,siblings,6191091c06029e3acded0a3b,Grey Wind
6191091c06029e3acded0b18,Shaggydog,siblings,6191091c06029e3acded0a77,Lady
6191091c06029e3acded0b18,Shaggydog,siblings,6191091c06029e3acded0ad3,Nymeria
6191091c06029e3acded0b18,Shaggydog,guardianOf,6191091c06029e3acded0afe,Rickon Stark
6191091c06029e3acded0b18,Shaggydog,killedBy,6191091c06029e3acded0b1b,Smalljon Umber
6191091c06029e3acded0b18,Shaggydog,siblings,6191091c06029e3acded0b27,Summer
6191091c06029e3acded0b19,Shireen Baratheon,killedBy,6191091c06029e3acded0ab1,Melisandre
6191091c06029e3acded0b19,Shireen Baratheon,parents,6191091c06029e3acded0b0e,Selyse Baratheon
6191091c06029e3acded0b19,Shireen Baratheon,parents,6191091c06029e3acded0b1d,Stannis Baratheon
6191091c06029e3acded0b1a,Silk King,killedBy,6191091c06029e3acded0ae6,Pyat Pree
6191091c06029e3acded0b1b,Smalljon Umber,parents,6191091c06029e3acded0a37,Greatjon Umber
6191091c06029e3acded0b1b,Smalljon Umber,killed,6191091c06029e3acded0b18,Shaggydog
6191091c06029e3acded0b1b,Smalljon Umber,killedBy,6191091c06029e3acded0b3a,Tormund Giantsbane
6191091c06029e3acded0b1c,Spice King,killedBy,6191091c06029e3acded0ae6,Pyat Pree
6191091c06029e3acded0b1d,Stannis Baratheon,killedBy,6191091c06029e3acded0a00,Brienne of Tarth
6191091c06029e3acded0b1d,Stannis Baratheon,siblings,6191091c06029e3acded0af6,Renly Baratheon
6191091c06029e3acded0b1d,Stannis Baratheon,siblings,6191091c06029e3acded0b00,Robert Baratheon
6191091c06029e3acded0b1d,Stannis Baratheon,marriedEngaged,6191091c06029e3acded0b0e,Selyse Baratheon
6191091c06029e3acded0b1d,Stannis Baratheon,parentOf,6191091c06029e3acded0b19,Shireen Baratheon
6191091c06029e3acded0b25,Stiv,killedBy,6191091c06029e3acded0b31,Theon Greyjoy
6191091c06029e3acded0b26,Styr,killedBy,6191091c06029e3acded0a5c,Jon Snow
6191091c06029e3acded0b27,Summer,guardianOf,6191091c06029e3acded09fe,Bran Stark
6191091c06029e3acded0b27,Summer,killed,6191091c06029e3acded0a06,Catspaw Assassin
6191091c06029e3acded0b27,Summer,siblings,6191091c06029e3acded0a29,Ghost
6191091c06029e3acded0b27,Summer,siblings,6191091c06029e3acded0a3b,Grey Wind
6191091c06029e3acded0b27,Summer,siblings,6191091c06029e3acded0a77,Lady
6191091c06029e3acded0b27,Summer,siblings,6191091c06029e3acded0ad3,Nymeria
6191091c06029e3acded0b27,Summer,siblings,6191091c06029e3acded0b18,Shaggydog
6191091c06029e3acded0b28,Syrio Forel,killedBy,6191091c06029e3acded0ab4,Meryn Trant
6191091c06029e3acded0b29,Talisa Maegyr,killedBy,6191091c06029e3acded0a94,Lothar Frey
6191091c06029e3acded0b29,Talisa Maegyr,marriedEngaged,6191091c06029e3acded0aff,Robb Stark
6191091c06029e3acded0b2a,Talla Tarly,siblings,6191091c06029e3acded0a11,Dickon Tarly
6191091c06029e3acded0b2a,Talla Tarly,parents,6191091c06029e3acded0ab0,Melessa Tarly
6191091c06029e3acded0b2a,Talla Tarly,parents,6191091c06029e3acded0aef,Randyll Tarly
6191091c06029e3acded0b2a,Talla Tarly,siblings,6191091c06029e3acded0b0b,Samwell Tarly
6191091c06029e3acded0b2d,The Night King,killedBy,6191091c06029e3acded09f0,Arya Stark
6191091c06029e3acded0b2d,The Night King,killed,6191091c06029e3acded0ac7,Ned Umber
6191091c06029e3acded0b2d,The Night King,killed,6191091c06029e3acded0b31,Theon Greyjoy
6191091c06029e3acded0b2d,The Night King,killed,6191091c06029e3acded0b34,Three-Eyed Raven
6191091c06029e3acded0b2d,The Night King,killed,6191091c06029e3acded0b43,Viserion
6191091c06029e3acded0b2e,The Tickler,killedBy,6191091c06029e3acded0a54,Jaqen H'ghar
6191091c06029e3acded0b2f,The Waif,killedBy,6191091c06029e3acded09f0,Arya Stark
6191091c06029e3acded0b2f,The Waif,killed,6191091c06029e3acded0a78,Lady Crane
6191091c06029e3acded0b30,Thenn Warg,killedBy,6191091c06029e3acded0b0b,Samwell Tarly
6191091c06029e3acded0b31,Theon Greyjoy,parents,6191091c06029e3acded09f2,Balon Greyjoy
6191091c06029e3acded0b31,Theon Greyjoy,killed,6191091c06029e3acded0ac5,Myranda
6191091c06029e3acded0b31,Theon Greyjoy,killed,6191091c06029e3acded0b03,Rodrik Cassel
6191091c06029e3acded0b31,Theon Greyjoy,killed,6191091c06029e3acded0b25,Stiv
6191091c06029e3acded0b31,Theon Greyjoy,killedBy,6191091c06029e3acded0b2d,The Night King
6191091c06029e3acded0b31,Theon Greyjoy,siblings,6191091c06029e3acded0b59,Yara Greyjoy
6191091c06029e3acded0b34,Three-Eyed Raven,killedBy,6191091c06029e3acded0b2d,The Night King
6191091c06029e3acded0b39,Tommen Baratheon,parents,6191091c06029e3acded0a07,Cersei Lannister
6191091c06029e3acded0b39,Tommen Baratheon,parents,6191091c06029e3acded0a52,Jaime Lannister
6191091c06029e3acded0b39,Tommen Baratheon,siblings,6191091c06029e3acded0a59,Joffrey Baratheon
6191091c06029e3acded0b39,Tommen Baratheon,marriedEngaged,6191091c06029e3acded0aa8,Margaery Tyrell
6191091c06029e3acded0b39,Tommen Baratheon,siblings,6191091c06029e3acded0ac6,Myrcella Baratheon
6191091c06029e3acded0b39,Tommen Baratheon,parents,6191091c06029e3acded0b00,Robert Baratheon
6191091c06029e3acded0b39,Tommen Baratheon,killed,6191091c06029e3acded0b39,Tommen Baratheon
6191091c06029e3acded0b39,Tommen Baratheon,killedBy,6191091c06029e3acded0b39,Tommen Baratheon
6191091c06029e3acded0b3a,Tormund Giantsbane,killed,6191091c06029e3acded0af1,Rattleshirt
6191091c06029e3acded0b3a,Tormund Giantsbane,killed,6191091c06029e3acded0b1b,Smalljon Umber
6191091c06029e3acded0b3b,Trystane Martell,parents,6191091c06029e3acded0a15,Doran Martell
6191091c06029e3acded0b3b,Trystane Martell,marriedEngaged,6191091c06029e3acded0ac6,Myrcella Baratheon
6191091c06029e3acded0b3b,Trystane Martell,killedBy,6191091c06029e3acded0ad5,Obara Sand
6191091c06029e3acded0b3d,Tyene Sand,killed,6191091c06029e3acded09ec,Areo Hotah
6191091c06029e3acded0b3d,Tyene Sand,killedBy,6191091c06029e3acded0a07,Cersei Lannister
6191091c06029e3acded0b3d,Tyene Sand,parents,6191091c06029e3acded0a1f,Ellaria Sand
6191091c06029e3acded0b3d,Tyene Sand,parents,6191091c06029e3acded0ad6,Oberyn Martell
6191091c06029e3acded0b3e,Tyrion Lannister,siblings,6191091c06029e3acded0a07,Cersei Lannister
6191091c06029e3acded0b3e,Tyrion Lannister,serves,6191091c06029e3acded0a0d,Daenerys Targaryen
6191091c06029e3acded0b3e,Tyrion Lannister,siblings,6191091c06029e3acded0a52,Jaime Lannister
6191091c06029e3acded0b3e,Tyrion Lannister,marriedEngaged,6191091c06029e3acded0b0d,Sansa Stark
6191091c06029e3acded0b3e,Tyrion Lannister,killed,6191091c06029e3acded0b16,Shae
6191091c06029e3acded0b3e,Tyrion Lannister,killed,6191091c06029e3acded0b3f,Tywin Lannister
6191091c06029e3acded0b3e,Tyrion Lannister,parents,6191091c06029e3acded0b3f,Tywin Lannister
6191091c06029e3acded0b3f,Tywin Lannister,parentOf,6191091c06029e3acded0a07,Cersei Lannister
6191091c06029e3acded0b3f,Tywin Lannister,servedBy,6191091c06029e3acded0a38,Gregor Clegane
6191091c06029e3acded0b3f,Tywin Lannister,parentOf,6191091c06029e3acded0a52,Jaime Lannister
6191091c06029e3acded0b3f,Tywin Lannister,allies,6191091c06029e3acded0b00,Robert Baratheon
6191091c06029e3acded0b3f,Tywin Lannister,killedBy,6191091c06029e3acded0b3e,Tyrion Lannister
6191091c06029e3acded0b3f,Tywin Lannister,parentOf,6191091c06029e3acded0b3e,Tyrion Lannister
6191091c06029e3acded0b41,Vardis Egen,killedBy,6191091c06029e3acded0a01,Bronn
6191091c06029e3acded0b42,Varly,killedBy,6191091c06029e3acded0a2b,Goldcloak
6191091c06029e3acded0b42,Varly,killedBy,6191091c06029e3acded0a2c,Goldcloak
6191091c06029e3acded0b43,Viserion,killedBy,6191091c06029e3acded09f0,Arya Stark
6191091c06029e3acded0b43,Viserion,guardianOf,6191091c06029e3acded0a0d,Daenerys Targaryen
6191091c06029e3acded0b43,Viserion,siblings,6191091c06029e3acded0a1a,Drogon
6191091c06029e3acded0b43,Viserion,killed,6191091c06029e3acded0a30,Great Master #1
6191091c06029e3acded0b43,Viserion,killed,6191091c06029e3acded0ae6,Pyat Pree
6191091c06029e3acded0b43,Viserion,siblings,6191091c06029e3acded0af7,Rhaegal
6191091c06029e3acded0b43,Viserion,killedBy,6191091c06029e3acded0b2d,The Night King
6191091c06029e3acded0b44,Viserys Targaryen,parents,6191091c06029e3acded09e4,Aerys II Targaryen
6191091c06029e3acded0b44,Viserys Targaryen,siblings,6191091c06029e3acded0a0d,Daenerys Targaryen
6191091c06029e3acded0b44,Viserys Targaryen,killedBy,6191091c06029e3acded0a66,Khal Drogo
6191091c06029e3acded0b44,Viserys Targaryen,siblings,6191091c06029e3acded0af8,Rhaegar Targaryen
6191091c06029e3acded0b44,Viserys Targaryen,parents,6191091c06029e3acded0afa,Rhaella Targaryen
6191091c06029e3acded0b45,Walda Bolton,marriedEngaged,6191091c06029e3acded0b04,Roose Bolton
6191091c06029e3acded0b46,Walder Frey,killedBy,6191091c06029e3acded09f0,Arya Stark
6191091c06029e3acded0b46,Walder Frey,parentOf,6191091c06029e3acded09fa,Black Walder Rivers
6191091c06029e3acded0b46,Walder Frey,marriedEngaged,6191091c06029e3acded0a60,Joyeuse Erenford
6191091c06029e3acded0b46,Walder Frey,marriedEngaged,6191091c06029e3acded0a71,Kitty Frey
6191091c06029e3acded0b46,Walder Frey,parentOf,6191091c06029e3acded0a94,Lothar Frey
6191091c06029e3acded0b46,Walder Frey,parentOf,6191091c06029e3acded0b07,Roslin Frey
6191091c06029e3acded0b46,Walder Frey,parentOf,6191091c06029e3acded0b09,Ryger Rivers
6191091c06029e3acded0b47,Wallen,killedBy,6191091c06029e3acded0aff,Robb Stark
6191091c06029e3acded0b49,Waymar Royce,killedBy,6191091c06029e3acded0b4b,White Walker
6191091c06029e3acded0b49,Waymar Royce,killedBy,6191091c06029e3acded0b4c,White Walker
6191091c06029e3acded0b49,Waymar Royce,killedBy,6191091c06029e3acded0b4d,White Walker
6191091c06029e3acded0b49,Waymar Royce,parents,6191091c06029e3acded0b5c,Yohn Royce
6191091c06029e3acded0b4c,White Walker,killedBy,6191091c06029e3acded0b0b,Samwell Tarly
6191091c06029e3acded0b4d,White Walker,killedBy,6191091c06029e3acded0a5c,Jon Snow
6191091c06029e3acded0b4d,White Walker,killed,6191091c06029e3acded0a8b,Loboda
6191091c06029e3acded0b51,Will,killedBy,6191091c06029e3acded0a1c,Eddard Stark
6191091c06029e3acded0b52,Willem Lannister,parents,6191091c06029e3acded0a65,Kevan Lannister
6191091c06029e3acded0b52,Willem Lannister,siblings,6191091c06029e3acded0a79,Lancel Lannister
6191091c06029e3acded0b52,Willem Lannister,siblings,6191091c06029e3acded0aab,Martyn Lannister
6191091c06029e3acded0b52,Willem Lannister,killedBy,6191091c06029e3acded0afc,Rickard Karstark
6191091c06029e3acded0b56,Wun Wun,killed,6191091c06029e3acded0a97,Lyanna Mormont
6191091c06029e3acded0b56,Wun Wun,killedBy,6191091c06029e3acded0a97,Lyanna Mormont
6191091c06029e3acded0b56,Wun Wun,killedBy,6191091c06029e3acded0aee,Ramsay Snow
6191091c06029e3acded0b58,Xaro Xhoan Daxos,killedBy,6191091c06029e3acded0a0d,Daenerys Targaryen
6191091c06029e3acded0b59,Yara Greyjoy,parents,6191091c06029e3acded09f2,Balon Greyjoy
6191091c06029e3acded0b59,Yara Greyjoy,siblings,6191091c06029e3acded0b31,Theon Greyjoy
6191091c06029e3acded0b5b,Ygritte,marriedEngaged,6191091c06029e3acded0a5c,Jon Snow
6191091c06029e3acded0b5b,Ygritte,killedBy,6191091c06029e3acded0ada,Olly
6191091c06029e3acded0b5b,Ygritte,killed,6191091c06029e3acded0ae7,Pypar
6191091c06029e3acded0b5c,Yohn Royce,parentOf,6191091c06029e3acded0b49,Waymar Royce
6191091c06029e3acded0b5d,Yoren,killedBy,6191091c06029e3acded09e9,Amory Lorch
